curve_id,batch_id,ratio_mg_mg,randomized_order_within_batch,ck_ug_ml,donor_volume_ml,tfna_nM,initial_free_fraction,oligosaccharide_lot,oligosaccharide_MW_distribution,ck_loading_method,buffer_and_matrix,temperature_C,assay_and_separation_record
B1_R0,B1,0.0,5,,,,,,,,,,
B1_R0.5,B1,0.5,3,,,,,,,,,,
B1_R1,B1,1.0,2,,,,,,,,,,
B1_R2,B1,2.0,6,,,,,,,,,,
B1_R5,B1,5.0,1,,,,,,,,,,
B1_R10,B1,10.0,4,,,,,,,,,,
B2_R0,B2,0.0,3,,,,,,,,,,
B2_R0.5,B2,0.5,5,,,,,,,,,,
B2_R1,B2,1.0,4,,,,,,,,,,
B2_R2,B2,2.0,6,,,,,,,,,,
B2_R5,B2,5.0,2,,,,,,,,,,
B2_R10,B2,10.0,1,,,,,,,,,,
B3_R0,B3,0.0,6,,,,,,,,,,
B3_R0.5,B3,0.5,5,,,,,,,,,,
B3_R1,B3,1.0,2,,,,,,,,,,
B3_R2,B3,2.0,4,,,,,,,,,,
B3_R5,B3,5.0,3,,,,,,,,,,
B3_R10,B3,10.0,1,,,,,,,,,,
