data_kind,curve_id,batch_id,formulation_id,ratio_mg_mg,time_h,initial_ck_ug,initial_receiver_volume_ml,receiver_ck_ug_ml,withdrawn_ml,replaced_ml
measured,B1_R0,B1,R0,0.0,0.0,,,,,
measured,B1_R0,B1,R0,0.0,0.5,,,,,
measured,B1_R0,B1,R0,0.0,1.0,,,,,
measured,B1_R0,B1,R0,0.0,2.0,,,,,
measured,B1_R0,B1,R0,0.0,4.0,,,,,
measured,B1_R0,B1,R0,0.0,8.0,,,,,
measured,B1_R0,B1,R0,0.0,12.0,,,,,
measured,B1_R0,B1,R0,0.0,24.0,,,,,
measured,B1_R0.5,B1,R0.5,0.5,0.0,,,,,
measured,B1_R0.5,B1,R0.5,0.5,0.5,,,,,
measured,B1_R0.5,B1,R0.5,0.5,1.0,,,,,
measured,B1_R0.5,B1,R0.5,0.5,2.0,,,,,
measured,B1_R0.5,B1,R0.5,0.5,4.0,,,,,
measured,B1_R0.5,B1,R0.5,0.5,8.0,,,,,
measured,B1_R0.5,B1,R0.5,0.5,12.0,,,,,
measured,B1_R0.5,B1,R0.5,0.5,24.0,,,,,
measured,B1_R1,B1,R1,1.0,0.0,,,,,
measured,B1_R1,B1,R1,1.0,0.5,,,,,
measured,B1_R1,B1,R1,1.0,1.0,,,,,
measured,B1_R1,B1,R1,1.0,2.0,,,,,
measured,B1_R1,B1,R1,1.0,4.0,,,,,
measured,B1_R1,B1,R1,1.0,8.0,,,,,
measured,B1_R1,B1,R1,1.0,12.0,,,,,
measured,B1_R1,B1,R1,1.0,24.0,,,,,
measured,B1_R2,B1,R2,2.0,0.0,,,,,
measured,B1_R2,B1,R2,2.0,0.5,,,,,
measured,B1_R2,B1,R2,2.0,1.0,,,,,
measured,B1_R2,B1,R2,2.0,2.0,,,,,
measured,B1_R2,B1,R2,2.0,4.0,,,,,
measured,B1_R2,B1,R2,2.0,8.0,,,,,
measured,B1_R2,B1,R2,2.0,12.0,,,,,
measured,B1_R2,B1,R2,2.0,24.0,,,,,
measured,B1_R5,B1,R5,5.0,0.0,,,,,
measured,B1_R5,B1,R5,5.0,0.5,,,,,
measured,B1_R5,B1,R5,5.0,1.0,,,,,
measured,B1_R5,B1,R5,5.0,2.0,,,,,
measured,B1_R5,B1,R5,5.0,4.0,,,,,
measured,B1_R5,B1,R5,5.0,8.0,,,,,
measured,B1_R5,B1,R5,5.0,12.0,,,,,
measured,B1_R5,B1,R5,5.0,24.0,,,,,
measured,B1_R10,B1,R10,10.0,0.0,,,,,
measured,B1_R10,B1,R10,10.0,0.5,,,,,
measured,B1_R10,B1,R10,10.0,1.0,,,,,
measured,B1_R10,B1,R10,10.0,2.0,,,,,
measured,B1_R10,B1,R10,10.0,4.0,,,,,
measured,B1_R10,B1,R10,10.0,8.0,,,,,
measured,B1_R10,B1,R10,10.0,12.0,,,,,
measured,B1_R10,B1,R10,10.0,24.0,,,,,
measured,B2_R0,B2,R0,0.0,0.0,,,,,
measured,B2_R0,B2,R0,0.0,0.5,,,,,
measured,B2_R0,B2,R0,0.0,1.0,,,,,
measured,B2_R0,B2,R0,0.0,2.0,,,,,
measured,B2_R0,B2,R0,0.0,4.0,,,,,
measured,B2_R0,B2,R0,0.0,8.0,,,,,
measured,B2_R0,B2,R0,0.0,12.0,,,,,
measured,B2_R0,B2,R0,0.0,24.0,,,,,
measured,B2_R0.5,B2,R0.5,0.5,0.0,,,,,
measured,B2_R0.5,B2,R0.5,0.5,0.5,,,,,
measured,B2_R0.5,B2,R0.5,0.5,1.0,,,,,
measured,B2_R0.5,B2,R0.5,0.5,2.0,,,,,
measured,B2_R0.5,B2,R0.5,0.5,4.0,,,,,
measured,B2_R0.5,B2,R0.5,0.5,8.0,,,,,
measured,B2_R0.5,B2,R0.5,0.5,12.0,,,,,
measured,B2_R0.5,B2,R0.5,0.5,24.0,,,,,
measured,B2_R1,B2,R1,1.0,0.0,,,,,
measured,B2_R1,B2,R1,1.0,0.5,,,,,
measured,B2_R1,B2,R1,1.0,1.0,,,,,
measured,B2_R1,B2,R1,1.0,2.0,,,,,
measured,B2_R1,B2,R1,1.0,4.0,,,,,
measured,B2_R1,B2,R1,1.0,8.0,,,,,
measured,B2_R1,B2,R1,1.0,12.0,,,,,
measured,B2_R1,B2,R1,1.0,24.0,,,,,
measured,B2_R2,B2,R2,2.0,0.0,,,,,
measured,B2_R2,B2,R2,2.0,0.5,,,,,
measured,B2_R2,B2,R2,2.0,1.0,,,,,
measured,B2_R2,B2,R2,2.0,2.0,,,,,
measured,B2_R2,B2,R2,2.0,4.0,,,,,
measured,B2_R2,B2,R2,2.0,8.0,,,,,
measured,B2_R2,B2,R2,2.0,12.0,,,,,
measured,B2_R2,B2,R2,2.0,24.0,,,,,
measured,B2_R5,B2,R5,5.0,0.0,,,,,
measured,B2_R5,B2,R5,5.0,0.5,,,,,
measured,B2_R5,B2,R5,5.0,1.0,,,,,
measured,B2_R5,B2,R5,5.0,2.0,,,,,
measured,B2_R5,B2,R5,5.0,4.0,,,,,
measured,B2_R5,B2,R5,5.0,8.0,,,,,
measured,B2_R5,B2,R5,5.0,12.0,,,,,
measured,B2_R5,B2,R5,5.0,24.0,,,,,
measured,B2_R10,B2,R10,10.0,0.0,,,,,
measured,B2_R10,B2,R10,10.0,0.5,,,,,
measured,B2_R10,B2,R10,10.0,1.0,,,,,
measured,B2_R10,B2,R10,10.0,2.0,,,,,
measured,B2_R10,B2,R10,10.0,4.0,,,,,
measured,B2_R10,B2,R10,10.0,8.0,,,,,
measured,B2_R10,B2,R10,10.0,12.0,,,,,
measured,B2_R10,B2,R10,10.0,24.0,,,,,
measured,B3_R0,B3,R0,0.0,0.0,,,,,
measured,B3_R0,B3,R0,0.0,0.5,,,,,
measured,B3_R0,B3,R0,0.0,1.0,,,,,
measured,B3_R0,B3,R0,0.0,2.0,,,,,
measured,B3_R0,B3,R0,0.0,4.0,,,,,
measured,B3_R0,B3,R0,0.0,8.0,,,,,
measured,B3_R0,B3,R0,0.0,12.0,,,,,
measured,B3_R0,B3,R0,0.0,24.0,,,,,
measured,B3_R0.5,B3,R0.5,0.5,0.0,,,,,
measured,B3_R0.5,B3,R0.5,0.5,0.5,,,,,
measured,B3_R0.5,B3,R0.5,0.5,1.0,,,,,
measured,B3_R0.5,B3,R0.5,0.5,2.0,,,,,
measured,B3_R0.5,B3,R0.5,0.5,4.0,,,,,
measured,B3_R0.5,B3,R0.5,0.5,8.0,,,,,
measured,B3_R0.5,B3,R0.5,0.5,12.0,,,,,
measured,B3_R0.5,B3,R0.5,0.5,24.0,,,,,
measured,B3_R1,B3,R1,1.0,0.0,,,,,
measured,B3_R1,B3,R1,1.0,0.5,,,,,
measured,B3_R1,B3,R1,1.0,1.0,,,,,
measured,B3_R1,B3,R1,1.0,2.0,,,,,
measured,B3_R1,B3,R1,1.0,4.0,,,,,
measured,B3_R1,B3,R1,1.0,8.0,,,,,
measured,B3_R1,B3,R1,1.0,12.0,,,,,
measured,B3_R1,B3,R1,1.0,24.0,,,,,
measured,B3_R2,B3,R2,2.0,0.0,,,,,
measured,B3_R2,B3,R2,2.0,0.5,,,,,
measured,B3_R2,B3,R2,2.0,1.0,,,,,
measured,B3_R2,B3,R2,2.0,2.0,,,,,
measured,B3_R2,B3,R2,2.0,4.0,,,,,
measured,B3_R2,B3,R2,2.0,8.0,,,,,
measured,B3_R2,B3,R2,2.0,12.0,,,,,
measured,B3_R2,B3,R2,2.0,24.0,,,,,
measured,B3_R5,B3,R5,5.0,0.0,,,,,
measured,B3_R5,B3,R5,5.0,0.5,,,,,
measured,B3_R5,B3,R5,5.0,1.0,,,,,
measured,B3_R5,B3,R5,5.0,2.0,,,,,
measured,B3_R5,B3,R5,5.0,4.0,,,,,
measured,B3_R5,B3,R5,5.0,8.0,,,,,
measured,B3_R5,B3,R5,5.0,12.0,,,,,
measured,B3_R5,B3,R5,5.0,24.0,,,,,
measured,B3_R10,B3,R10,10.0,0.0,,,,,
measured,B3_R10,B3,R10,10.0,0.5,,,,,
measured,B3_R10,B3,R10,10.0,1.0,,,,,
measured,B3_R10,B3,R10,10.0,2.0,,,,,
measured,B3_R10,B3,R10,10.0,4.0,,,,,
measured,B3_R10,B3,R10,10.0,8.0,,,,,
measured,B3_R10,B3,R10,10.0,12.0,,,,,
measured,B3_R10,B3,R10,10.0,24.0,,,,,
